{
"floor_path": "/Users/paulb/Documents/holzbot-dynamic/holzbot-roof/test1/1769682904781_01_walls_from_coords.png",
"faces": [
{
"vertices_3d": [
[
619.5,
1624.0,
575.6847535380462
],
[
1096.0,
1623.0,
300.0
],
[
619.5,
1623.0,
575.6847535380462
]
]
},
{
"vertices_3d": [
[
142.0,
1623.0,
300.0
],
[
619.5,
1624.0,
575.6847535380462
],
[
619.5,
1623.0,
575.6847535380462
]
]
}
]
}